id;date_form;date_to;work_id;pipeline_section;length;kp_start;kp_end;is_current_flag;status_id;jhi_comment;date_create;date_edit;creator;editor
1;2019-05-27T22:40:34;2019-05-27T19:46:45;89711;85632;88708;40450;77987;true;64203;Unbranded Cheese Dynamic;2019-05-28T01:32:41;2019-05-28T02:09:45;transform;invoice Home Gloves
2;2019-05-28T02:55:46;2019-05-28T04:26:39;69189;44842;65196;99445;22426;false;71217;Networked;2019-05-28T08:17:22;2019-05-28T11:48:26;world-class program alarm;Nevada
3;2019-05-28T13:51:03;2019-05-28T03:53:15;36771;63633;26520;25046;24398;true;97301;target Human withdrawal;2019-05-27T21:01:25;2019-05-28T07:41:50;payment Libyan Dinar;white sensor local
4;2019-05-28T15:30:55;2019-05-27T21:39:14;64547;4360;17711;99455;94045;false;95392;Human;2019-05-28T07:12:55;2019-05-27T22:09:14;Factors;architectures
5;2019-05-27T16:53:58;2019-05-28T02:21:50;96361;98033;85300;7534;29444;false;38509;compressing;2019-05-28T08:29:34;2019-05-28T04:27:08;mesh;Configuration UIC-Franc
6;2019-05-28T02:25:03;2019-05-28T14:24:32;9717;20891;61500;67114;99005;false;14008;Bedfordshire;2019-05-27T19:02:32;2019-05-28T08:21:28;calculating Metal array;discrete redundant
7;2019-05-27T20:39:23;2019-05-28T09:57:00;86707;61151;91324;8159;51134;false;50151;digital deposit;2019-05-27T23:15:07;2019-05-28T06:34:34;Unbranded Fresh Pants Tools California;North Dakota Garden
8;2019-05-28T04:55:29;2019-05-28T12:22:41;54264;98184;28654;83893;59083;true;3050;Small Fresh Gloves;2019-05-28T07:27:16;2019-05-28T03:12:33;interface;compress lavender Investment Account
9;2019-05-28T14:03:02;2019-05-27T19:53:26;5168;19438;53135;41135;54063;true;63742;panel;2019-05-27T16:40:43;2019-05-27T16:49:49;card Licensed Cotton Ball;mindshare Gorgeous
10;2019-05-28T15:29:26;2019-05-28T11:40:30;96264;8087;83598;42831;69597;true;40895;Salad;2019-05-28T12:20:40;2019-05-28T05:28:57;Optimized;microchip
